{
  "timestamp": "2026-03-29T15:47:49.347081",
  "timeout_sec": 300,
  "n_repeats": 3,
  "libraries": {
    "dtwcpp": true,
    "dtaidistance": true,
    "tslearn": true,
    "aeon": true
  },
  "distance": {
    "L=100": {
      "dtwcpp": {
        "status": "ok",
        "median": 5.3099822252988815e-05,
        "min": 5.1999930292367935e-05,
        "max": 6.749993190169334e-05,
        "times": [
          6.749993190169334e-05,
          5.3099822252988815e-05,
          5.1999930292367935e-05
        ]
      },
      "dtaidistance": {
        "status": "ok",
        "median": 5.040038377046585e-05,
        "min": 4.300009459257126e-05,
        "max": 0.00011850008741021156,
        "times": [
          0.00011850008741021156,
          5.040038377046585e-05,
          4.300009459257126e-05
        ]
      },
      "tslearn": {
        "status": "ok",
        "median": 0.0005094995722174644,
        "min": 0.0003070998936891556,
        "max": 3.9310747999697924,
        "times": [
          3.9310747999697924,
          0.0005094995722174644,
          0.0003070998936891556
        ]
      },
      "aeon": {
        "status": "ok",
        "median": 4.3200328946113586e-05,
        "min": 3.5999808460474014e-05,
        "max": 0.37245710007846355,
        "times": [
          0.37245710007846355,
          3.5999808460474014e-05,
          4.3200328946113586e-05
        ]
      }
    },
    "L=500": {
      "dtwcpp": {
        "status": "ok",
        "median": 0.0013250000774860382,
        "min": 0.0013186996802687645,
        "max": 0.001367500051856041,
        "times": [
          0.0013186996802687645,
          0.001367500051856041,
          0.0013250000774860382
        ]
      },
      "dtaidistance": {
        "status": "ok",
        "median": 0.0008725002408027649,
        "min": 0.0008359998464584351,
        "max": 0.0008829003199934959,
        "times": [
          0.0008829003199934959,
          0.0008725002408027649,
          0.0008359998464584351
        ]
      },
      "tslearn": {
        "status": "ok",
        "median": 0.0028597000055015087,
        "min": 0.002854099962860346,
        "max": 0.0031771999783813953,
        "times": [
          0.0031771999783813953,
          0.002854099962860346,
          0.0028597000055015087
        ]
      },
      "aeon": {
        "status": "ok",
        "median": 0.0007139998488128185,
        "min": 0.0007103001698851585,
        "max": 0.0007775998674333096,
        "times": [
          0.0007775998674333096,
          0.0007103001698851585,
          0.0007139998488128185
        ]
      }
    },
    "L=1000": {
      "dtwcpp": {
        "status": "ok",
        "median": 0.004790599923580885,
        "min": 0.004769299644976854,
        "max": 0.005192999728024006,
        "times": [
          0.005192999728024006,
          0.004769299644976854,
          0.004790599923580885
        ]
      },
      "dtaidistance": {
        "status": "ok",
        "median": 0.0033598998561501503,
        "min": 0.0033557997085154057,
        "max": 0.0033845999278128147,
        "times": [
          0.0033845999278128147,
          0.0033557997085154057,
          0.0033598998561501503
        ]
      },
      "tslearn": {
        "status": "ok",
        "median": 0.00808950001373887,
        "min": 0.007968000136315823,
        "max": 0.010424499865621328,
        "times": [
          0.010424499865621328,
          0.00808950001373887,
          0.007968000136315823
        ]
      },
      "aeon": {
        "status": "ok",
        "median": 0.0027775997295975685,
        "min": 0.0027736001648008823,
        "max": 0.00278700003400445,
        "times": [
          0.00278700003400445,
          0.0027736001648008823,
          0.0027775997295975685
        ]
      }
    },
    "L=4000": {
      "dtwcpp": {
        "status": "ok",
        "median": 0.07584950001910329,
        "min": 0.07579809986054897,
        "max": 0.07588020013645291,
        "times": [
          0.07584950001910329,
          0.07579809986054897,
          0.07588020013645291
        ]
      },
      "dtaidistance": {
        "status": "ok",
        "median": 0.05376760009676218,
        "min": 0.0537195997312665,
        "max": 0.05383550003170967,
        "times": [
          0.05376760009676218,
          0.05383550003170967,
          0.0537195997312665
        ]
      },
      "tslearn": {
        "status": "ok",
        "median": 0.0970379002392292,
        "min": 0.0968406000174582,
        "max": 0.09717800002545118,
        "times": [
          0.09717800002545118,
          0.0968406000174582,
          0.0970379002392292
        ]
      },
      "aeon": {
        "status": "ok",
        "median": 0.04936940036714077,
        "min": 0.04850330017507076,
        "max": 0.04948279960080981,
        "times": [
          0.04936940036714077,
          0.04948279960080981,
          0.04850330017507076
        ]
      }
    }
  },
  "distmat": {
    "N=20 L=500 full": {
      "dtwcpp": {
        "status": "ok",
        "median": 0.2247299002483487,
        "min": 0.22445129975676537,
        "max": 0.22626620018854737,
        "times": [
          0.2247299002483487,
          0.22626620018854737,
          0.22445129975676537
        ]
      },
      "dtaidistance": {
        "status": "ok",
        "median": 0.015868599992245436,
        "min": 0.015783800277858973,
        "max": 0.018720699939876795,
        "times": [
          0.018720699939876795,
          0.015868599992245436,
          0.015783800277858973
        ]
      },
      "tslearn": {
        "status": "ok",
        "median": 0.2826032000593841,
        "min": 0.24968230025842786,
        "max": 0.28703510016202927,
        "times": [
          0.24968230025842786,
          0.2826032000593841,
          0.28703510016202927
        ]
      },
      "aeon": {
        "status": "ok",
        "median": 0.13190650008618832,
        "min": 0.13170929998159409,
        "max": 0.3547805999405682,
        "times": [
          0.3547805999405682,
          0.13190650008618832,
          0.13170929998159409
        ]
      }
    },
    "N=50 L=500 full": {
      "dtwcpp": {
        "status": "ok",
        "median": 1.4517923998646438,
        "min": 1.449294799938798,
        "max": 1.4766642996110022,
        "times": [
          1.449294799938798,
          1.4766642996110022,
          1.4517923998646438
        ]
      },
      "dtaidistance": {
        "status": "ok",
        "median": 0.1195792998187244,
        "min": 0.11867399979382753,
        "max": 0.12447049980983138,
        "times": [
          0.12447049980983138,
          0.11867399979382753,
          0.1195792998187244
        ]
      },
      "tslearn": {
        "status": "ok",
        "median": 1.8350941999815404,
        "min": 1.8036310002207756,
        "max": 1.8387594996020198,
        "times": [
          1.8387594996020198,
          1.8036310002207756,
          1.8350941999815404
        ]
      },
      "aeon": {
        "status": "ok",
        "median": 0.8479633997194469,
        "min": 0.8476491998881102,
        "max": 0.8484180001541972,
        "times": [
          0.8479633997194469,
          0.8476491998881102,
          0.8484180001541972
        ]
      }
    },
    "N=50 L=1000 full": {
      "dtwcpp": {
        "status": "ok",
        "median": 5.8478195001371205,
        "min": 5.8166288998909295,
        "max": 5.849462300073355,
        "times": [
          5.849462300073355,
          5.8166288998909295,
          5.8478195001371205
        ]
      },
      "dtaidistance": {
        "status": "ok",
        "median": 0.4853924000635743,
        "min": 0.4805517001077533,
        "max": 0.4947815998457372,
        "times": [
          0.4853924000635743,
          0.4947815998457372,
          0.4805517001077533
        ]
      },
      "tslearn": {
        "status": "ok",
        "median": 7.137581799644977,
        "min": 7.087272000033408,