{
  "timestamp": "2026-03-29T15:34:23.469739",
  "timeout_sec": 300,
  "n_repeats": 3,
  "libraries": {
    "dtwcpp": true,
    "dtaidistance": true,
    "tslearn": true,
    "aeon": true
  },
  "distance": {
    "L=100": {
      "dtwcpp": {
        "status": "ok",
        "median": 5.349982529878616e-05,
        "min": 5.220016464591026e-05,
        "max": 8.160015568137169e-05,
        "times": [
          8.160015568137169e-05,
          5.349982529878616e-05,
          5.220016464591026e-05
        ]
      },
      "dtaidistance": {
        "status": "ok",
        "median": 0.0052200001664459705,
        "min": 0.005197999998927116,
        "max": 0.005427599884569645,
        "times": [
          0.005427599884569645,
          0.005197999998927116,
          0.0052200001664459705
        ]
      },
      "tslearn": {
        "status": "ok",
        "median": 0.0006801998242735863,
        "min": 0.00041799992322921753,
        "max": 7.651179099921137,
        "times": [
          7.651179099921137,
          0.0006801998242735863,
          0.00041799992322921753
        ]
      },
      "aeon": {
        "status": "ok",
        "median": 4.1400082409381866e-05,
        "min": 3.08002345263958e-05,
        "max": 2.6205961001105607,
        "times": [
          2.6205961001105607,
          4.1400082409381866e-05,
          3.08002345263958e-05
        ]
      }
    },
    "L=500": {
      "dtwcpp": {
        "status": "ok",
        "median": 0.0013313996605575085,
        "min": 0.0013312003575265408,
        "max": 0.001336200162768364,
        "times": [
          0.0013312003575265408,
          0.001336200162768364,
          0.0013313996605575085
        ]
      },
      "dtaidistance": {
        "status": "ok",
        "median": 0.11523110000416636,
        "min": 0.11522830044850707,
        "max": 0.135495999827981,
        "times": [
          0.135495999827981,
          0.11522830044850707,
          0.11523110000416636
        ]
      },
      "tslearn": {
        "status": "ok",
        "median": 0.002657900098711252,
        "min": 0.0025796000845730305,
        "max": 0.0028400998562574387,
        "times": [
          0.0028400998562574387,
          0.002657900098711252,
          0.0025796000845730305
        ]
      },
      "aeon": {
        "status": "ok",
        "median": 0.0007009999826550484,
        "min": 0.0006959997117519379,
        "max": 0.0007231999188661575,
        "times": [
          0.0007231999188661575,
          0.0006959997117519379,
          0.0007009999826550484
        ]
      }
    },
    "L=1000": {
      "dtwcpp": {
        "status": "ok",
        "median": 0.004739800002425909,
        "min": 0.004733100067824125,
        "max": 0.004750399850308895,
        "times": [
          0.004750399850308895,
          0.004733100067824125,
          0.004739800002425909
        ]
      },
      "dtaidistance": {
        "status": "ok",
        "median": 0.44948209961876273,
        "min": 0.4490080997347832,
        "max": 0.4538916000165045,
        "times": [
          0.44948209961876273,
          0.4490080997347832,
          0.4538916000165045
        ]
      },
      "tslearn": {
        "status": "ok",
        "median": 0.008212499786168337,
        "min": 0.00816919980570674,
        "max": 0.008574599865823984,
        "times": [
          0.008574599865823984,
          0.00816919980570674,
          0.008212499786168337
        ]
      },
      "aeon": {
        "status": "ok",
        "median": 0.0027830000035464764,
        "min": 0.002774499822407961,
        "max": 0.002825699746608734,
        "times": [
          0.002825699746608734,
          0.0027830000035464764,
          0.002774499822407961
        ]
      }
    },
    "L=4000": {
      "dtwcpp": {
        "status": "ok",
        "median": 0.07588679995387793,
        "min": 0.07585050025954843,
        "max": 0.07592090032994747,
        "times": [
          0.07585050025954843,
          0.07592090032994747,
          0.07588679995387793
        ]
      },
      "dtaidistance": {
        "status": "ok",
        "median": 7.9824282000772655,
        "min": 7.902509100269526,
        "max": 8.000355300027877,
        "times": [
          7.902509100269526,
          7.9824282000772655,
          8.000355300027877
        ]
      },
      "tslearn": {
        "status": "ok",
        "median": 0.09706460032612085,
        "min": 0.09687619982287288,
        "max": 0.09719479968771338,
        "times": [
          0.09706460032612085,
          0.09687619982287288,
          0.09719479968771338
        ]
      },
      "aeon": {
        "status": "ok",
        "median": 0.04921879991889,
        "min": 0.049090499989688396,
        "max": 0.04927230020985007,
        "times": [
          0.04927230020985007,
          0.049090499989688396,
          0.04921879991889
        ]
      }
    }
  },
  "distmat": {
    "N=20 L=500 full": {
      "dtwcpp": {
        "status": "error: 'DTWClustering' object has no attribute 'distance_matrix_'",
        "time_sec": null,
        "median": null,
        "min": null,
        "max": null
      },
      "dtaidistance": {
        "status": "ok",
        "median": 16.897742399945855,
        "min": 16.8678370998241,
        "max": 16.980513299815357,
        "times": [
          16.8678370998241,
          16.980513299815357,
          16.897742399945855
        ]
      },
      "tslearn": {
        "status": "ok",
        "median": 0.2692398000508547,
        "min": 0.2568624997511506,
        "max": 0.286035000346601,
        "times": [
          0.286035000346601,
          0.2568624997511506,
          0.2692398000508547
        ]
      },
      "aeon": {
        "status": "error: Method must be one of the supported strings or a callable",
        "time_sec": null,
        "median": null,
        "min": null,
        "max": null
      }
    },
    "N=50 L=500 full": {
      "dtwcpp": {
        "status": "error: 'DTWClustering' object has no attribute 'distance_matrix_'",
        "time_sec": null,
        "median": null,
        "min": null,
        "max": null
      },
      "dtaidistance": {
        "status": "ok",
        "median": 108.92623789981008,
        "min": 108.83123400015756,
        "max": 109.53320260019973,
        "times": [
          109.53320260019973,
          108.83123400015756,
          108.92623789981008
        ]
      },
      "tslearn": {
        "status": "ok",
        "median": 1.8164282999932766,
        "min": 1.8093452998436987,
        "max": 1.8293649000115693,
        "times": [
          1.8293649000115693,
          1.8164282999932766,
          1.8093452998436987
        ]
      },
      "aeon": {
        "status": "error: Method must be one of the supported strings or a callable",
        "time_sec": null,
        "median": null,
        "min": null,
        "max": null
      }
    },
    "N=50 L=1000 full": {
      "dtwcpp": {
        "status": "error: 'DTWClustering' object has no attribute 'distance_matrix_'",
        "time_sec": null,
        "median": null,
        "min": null,
        "max": null
      },
      "dtaidistance": {
        "status": "timeout",
        "time_sec": 445.92046369984746,
        "median": null,
        "min": null,
        "max": null
      },
      "tslearn": {
        "status": "ok",
        "median": 7.057123099919409,
        "min": 7.034604399930686,
        "max": 7.115351499989629,
        "times": [
          7.115351499989629,
          7.057123099919409,
          7.034604399930686
        ]
      },
      "aeon": {
        "status": "error: Method must be one of the supported strings or a callable",
        "time_sec": null,
        "median": null,
        "min": null,
        "max": null
      }
    },
    "N=50 L=500 band=10": {
      "dtwcpp": {
        "status": "error: 'DTWClustering' object has no attribute 'distance_matrix_'",
        "time_sec": null,
        "median": null,
        "min": null,